y,x,term,estimate,std.error,statistic,p.value
Prog_Proficiency,Score_Avg,(Intercept),2.615385441732553,3.44477351797122,0.7592329156294925,0.45135034676197605
Prog_Proficiency,Score_Avg,Score_Avg,1.8530852526641466,1.6136616223974374,1.148372884961467,0.25639005519157126
Stat_Proficiency,Score_Avg,(Intercept),-3.6097496454967457,3.662697613816324,-0.9855439968290449,0.32919854447613417
Stat_Proficiency,Score_Avg,Score_Avg,5.169973573392927,1.715745474420316,3.013252053099345,0.00408321651629404
Math_Proficiency,Score_Avg,(Intercept),5.337524036395654,3.9004895718776096,1.3684241267760364,0.1774213027698485
Math_Proficiency,Score_Avg,Score_Avg,0.7766172868683479,1.8271361811928837,0.4250461979037146,0.6726638106533096
