y,x,n,r.squared,adj.r.squared,AIC,BIC,sigma,p.value
Prog_Proficiency,Score_Avg,51,0.02620812348118394,0.006334819878759168,216.80644075792586,222.60191765609883,1.9499309183372249,0.25639005519157126
Stat_Proficiency,Score_Avg,51,0.15633155511423605,0.13911383174922043,223.0633011772997,228.85877807547269,2.0732879199288177,0.0040832165162940585
Math_Proficiency,Score_Avg,51,0.0036734817032821935,-0.01665971254767129,229.4793202355049,235.27479713367788,2.2078912222175355,0.6726638106533094
