y,x,term,estimate,std.error,statistic,p.value
Prog_Proficiency,Score_Avg,(Intercept),2.6153854417325526,3.444773517971222,0.7592329156294918,0.4513503467619765
Prog_Proficiency,Score_Avg,Score_Avg,1.8530852526641468,1.6136616223974383,1.1483728849614665,0.2563900551915715
Stat_Proficiency,Score_Avg,(Intercept),-3.609749645496755,3.662697613816326,-0.985543996829047,0.3291985444761333
Stat_Proficiency,Score_Avg,Score_Avg,5.169973573392931,1.7157454744203167,3.0132520530993463,0.004083216516294018
Math_Proficiency,Score_Avg,(Intercept),5.337524036395644,3.900489571877612,1.368424126776033,0.17742130276984952
Math_Proficiency,Score_Avg,Score_Avg,0.7766172868683524,1.8271361811928843,0.425046197903717,0.6726638106533078
